{
  "seed": 51966,
  "num_obs": 4,
  "num_states": 5,
  "num_actions": 3,
  "A": [
    [
      0.12585686378285008,
      0.5367553264535125,
      0.09745563886430682,
      0.19455828816789356,
      0.30591780170992744
    ],
    [
      0.0350297977938331,
      0.13128392867024893,
      0.43874378602874253,
      0.11442491098373564,
      0.33869543234527727
    ],
    [
      0.5936390519586828,
      0.2645896921488138,
      0.08067919063189016,
      0.25298365192121874,
      0.2536744223065041
    ],
    [
      0.2454742864646339,
      0.06737105272742476,
      0.3831213844750604,
      0.4380331489271521,
      0.10171234363829125
    ]
  ],
  "B": [
    [
      [
        0.10503989147910697,
        0.19298925154978774,
        0.08564660586629506
      ],
      [
        0.15129482594903307,
        0.1936398803540685,
        0.065305520680731
      ],
      [
        0.3010079474936908,
        0.09200089048262564,
        0.3013316430506618
      ],
      [
        0.07243349238216812,
        0.06107821678878058,
        0.11939200260511128
      ],
      [
        0.38984091683835026,
        0.05744709493028255,
        0.0823967741988832
      ]
    ],
    [
      [
        0.2446093310029237,
        0.47680263261472955,
        0.07287881395993494
      ],
      [
        0.16812590195059351,
        0.2480274094465929,
        0.032517978191606484
      ],
      [
        0.15042826417766034,
        0.03835426425655595,
        0.17079467057229744
      ],
      [
        0.22587304437902048,
        0.05195302599045028,
        0.19349579920058668
      ],
      [
        0.014509409914279268,
        0.23571905865645465,
        0.3323941550937369
      ]
    ],
    [
      [
        0.38191337172935924,
        0.17292476401433257,
        0.5270080594801186
      ],
      [
        0.4434444495961024,
        0.05885951005570906,
        0.3592587368129046
      ],
      [
        0.23631953463889313,
        0.08913784237159061,
        0.183659544594731
      ],
      [
        0.24939423844516434,
        0.43487664428241,
        0.061238984944380105
      ],
      [
        0.07706287294534231,
        0.05445887423300055,
        0.33571169985298355
      ]
    ],
    [
      [
        0.022760221920109916,
        0.028487889366606824,
        0.14592627524617638
      ],
      [
        0.15971716955427734,
        0.3728605890400278,
        0.18187975937616532
      ],
      [
        0.2383398288143075,
        0.06530130320616961,
        0.03325877895027252
      ],
      [
        0.08311584346698926,
        0.011936606995533625,
        0.060398584307368254
      ],
      [
        0.23132897517333545,
        0.13023141087678222,
        0.0818422634790269
      ]
    ],
    [
      [
        0.24567718386850018,
        0.1287954624545433,
        0.16854024544747492
      ],
      [
        0.07741765294999355,
        0.12661261110360175,
        0.36103800493859267
      ],
      [
        0.07390442487544813,
        0.7152056996830581,
        0.31095536283203723
      ],
      [
        0.3691833813266579,
        0.44015550594282554,
        0.5654746289425536
      ],
      [
        0.28725782512869275,
        0.52214356130348,
        0.1676551073753696
      ]
    ]
  ],
  "C": [
    -0.791090152029873,
    -2.028683090541393,
    -1.5043085693511589,
    0.9551863730269231
  ],
  "D": [
    0.0519419061766326,
    0.3475187454697837,
    0.35623530913308776,
    0.06160862667700369,
    0.18269541254349206
  ],
  "observations": [
    0,
    0,
    2,
    2,
    1
  ],
  "posteriors": [
    [
      0.022110448845844257,
      0.6308954113635739,
      0.11742125189643364,
      0.0405409605675033,
      0.18903192732664498
    ],
    [
      0.12566983354506917,
      0.3603971294307313,
      0.15803677644501937,
      0.1633385837755401,
      0.19255767680364005
    ],
    [
      0.4413386293632902,
      0.15059251949171387,
      0.08921170803459003,
      0.14530361472128078,
      0.17355352838912516
    ],
    [
      0.39486399100886993,
      0.18392967432615276,
      0.09428708528091057,
      0.10393791223934992,
      0.2229813371447168
    ],
    [
      0.027133253992091863,
      0.08912795371687872,
      0.5266374692366883,
      0.05584127237809759,
      0.30126005067624356
    ]
  ],
  "actions": [
    0,
    0,
    0,
    0,
    0
  ],
  "efe_per_step": [
    [
      -3.650313922250544,
      -3.8361572031264544,
      -3.742633966581989,
      -3.781555820809645,
      -3.890966673444323,
      -3.8583566617502645,
      -3.76851209510138,
      -3.9907222438916765,
      -3.867435106195825
    ],
    [
      -3.6905955990849764,
      -3.8718988669235825,
      -3.776800740982175,
      -3.820548951977801,
      -3.9695089130603254,
      -3.8993186847981978,
      -3.7805460520700658,
      -3.9918370290068492,
      -3.8726974759882937
    ],
    [
      -3.7268415848565404,
      -3.919723571201517,
      -3.8157631512289854,
      -3.8190583843086032,
      -3.9666372590457497,
      -3.9024992438474913,
      -3.737112692804168,
      -3.964900022733623,
      -3.842761308125935
    ],
    [
      -3.718529695304155,
      -3.9062754158972295,
      -3.8034385715997363,
      -3.825264816329112,
      -3.9662860567843787,
      -3.9070162972272247,
      -3.731687901811781,
      -3.958258586506049,
      -3.83888146299057
    ],
    [
      -3.6895798172969085,
      -3.8279511756370814,
      -3.7480883018466167,
      -3.9761111489230245,
      -4.15853935096729,
      -4.035166152782778,
      -3.7819352269269384,
      -3.9629064331564807,
      -3.8559740236986295
    ]
  ]
}