{
  "cue_reliability": 0.95,
  "preference": 4.0,
  "A": [
    [
      1.0,
      1.0,
      0.0,
      0.0,
      0.0,
      0.0,
      0.0,
      0.0
    ],
    [
      0.0,
      0.0,
      0.95,
      0.050000000000000044,
      0.0,
      0.0,
      0.0,
      0.0
    ],
    [
      0.0,
      0.0,
      0.050000000000000044,
      0.95,
      0.0,
      0.0,
      0.0,
      0.0
    ],
    [
      0.0,
      0.0,
      0.0,
      0.0,
      1.0,
      0.0,
      0.0,
      1.0
    ],
    [
      0.0,
      0.0,
      0.0,
      0.0,
      0.0,
      1.0,
      1.0,
      0.0
    ]
  ],
  "B": [
    [
      [
        1.0,
        0.0,
        0.0,
        0.0
      ],
      [
        0.0,
        0.0,
        0.0,
        0.0
      ],
      [
        0.0,
        0.0,
        0.0,
        0.0
      ],
      [
        0.0,
        0.0,
        0.0,
        0.0
      ],
      [
        0.0,
        0.0,
        0.0,
        0.0
      ],
      [
        0.0,
        0.0,
        0.0,
        0.0
      ],
      [
        0.0,
        0.0,
        0.0,
        0.0
      ],
      [
        0.0,
        0.0,
        0.0,
        0.0
      ]
    ],
    [
      [
        0.0,
        0.0,
        0.0,
        0.0
      ],
      [
        1.0,
        0.0,
        0.0,
        0.0
      ],
      [
        0.0,
        0.0,
        0.0,
        0.0
      ],
      [
        0.0,
        0.0,
        0.0,
        0.0
      ],
      [
        0.0,
        0.0,
        0.0,
        0.0
      ],
      [
        0.0,
        0.0,
        0.0,
        0.0
      ],
      [
        0.0,
        0.0,
        0.0,
        0.0
      ],
      [
        0.0,
        0.0,
        0.0,
        0.0
      ]
    ],
    [
      [
        0.0,
        1.0,
        0.0,
        0.0
      ],
      [
        0.0,
        0.0,
        0.0,
        0.0
      ],
      [
        1.0,
        1.0,
        0.0,
        0.0
      ],
      [
        0.0,
        0.0,
        0.0,
        0.0
      ],
      [
        0.0,
        0.0,
        0.0,
        0.0
      ],
      [
        0.0,
        0.0,
        0.0,
        0.0
      ],
      [
        0.0,
        0.0,
        0.0,
        0.0
      ],
      [
        0.0,
        0.0,
        0.0,
        0.0
      ]
    ],
    [
      [
        0.0,
        0.0,
        0.0,
        0.0
      ],
      [
        0.0,
        1.0,
        0.0,
        0.0
      ],
      [
        0.0,
        0.0,
        0.0,
        0.0
      ],
      [
        1.0,
        1.0,
        0.0,
        0.0
      ],
      [
        0.0,
        0.0,
        0.0,
        0.0
      ],
      [
        0.0,
        0.0,
        0.0,
        0.0
      ],
      [
        0.0,
        0.0,
        0.0,
        0.0
      ],
      [
        0.0,
        0.0,
        0.0,
        0.0
      ]
    ],
    [
      [
        0.0,
        0.0,
        1.0,
        0.0
      ],
      [
        0.0,
        0.0,
        0.0,
        0.0
      ],
      [
        0.0,
        0.0,
        1.0,
        0.0
      ],
      [
        0.0,
        0.0,
        0.0,
        0.0
      ],
      [
        1.0,
        1.0,
        1.0,
        1.0
      ],
      [
        0.0,
        0.0,
        0.0,
        0.0
      ],
      [
        0.0,
        0.0,
        0.0,
        0.0
      ],
      [
        0.0,
        0.0,
        0.0,
        0.0
      ]
    ],
    [
      [
        0.0,
        0.0,
        0.0,
        0.0
      ],
      [
        0.0,
        0.0,
        1.0,
        0.0
      ],
      [
        0.0,
        0.0,
        0.0,
        0.0
      ],
      [
        0.0,
        0.0,
        1.0,
        0.0
      ],
      [
        0.0,
        0.0,
        0.0,
        0.0
      ],
      [
        1.0,
        1.0,
        1.0,
        1.0
      ],
      [
        0.0,
        0.0,
        0.0,
        0.0
      ],
      [
        0.0,
        0.0,
        0.0,
        0.0
      ]
    ],
    [
      [
        0.0,
        0.0,
        0.0,
        1.0
      ],
      [
        0.0,
        0.0,
        0.0,
        0.0
      ],
      [
        0.0,
        0.0,
        0.0,
        1.0
      ],
      [
        0.0,
        0.0,
        0.0,
        0.0
      ],
      [
        0.0,
        0.0,
        0.0,
        0.0
      ],
      [
        0.0,
        0.0,
        0.0,
        0.0
      ],
      [
        1.0,
        1.0,
        1.0,
        1.0
      ],
      [
        0.0,
        0.0,
        0.0,
        0.0
      ]
    ],
    [
      [
        0.0,
        0.0,
        0.0,
        0.0
      ],
      [
        0.0,
        0.0,
        0.0,
        1.0
      ],
      [
        0.0,
        0.0,
        0.0,
        0.0
      ],
      [
        0.0,
        0.0,
        0.0,
        1.0
      ],
      [
        0.0,
        0.0,
        0.0,
        0.0
      ],
      [
        0.0,
        0.0,
        0.0,
        0.0
      ],
      [
        0.0,
        0.0,
        0.0,
        0.0
      ],
      [
        1.0,
        1.0,
        1.0,
        1.0
      ]
    ]
  ],
  "C": [
    0.0,
    0.0,
    0.0,
    4.0,
    -4.0
  ],
  "D": [
    0.5,
    0.5,
    0.0,
    0.0,
    0.0,
    0.0,
    0.0,
    0.0
  ],
  "observations": [
    0,
    1,
    3
  ],
  "posteriors": [
    [
      0.5,
      0.5,
      9.999999999999949e-33,
      9.999999999999949e-33,
      9.999999999999949e-33,
      9.999999999999949e-33,
      9.999999999999949e-33,
      9.999999999999949e-33
    ],
    [
      4.999999999999982e-17,
      4.999999999999982e-17,
      0.4750000000000009,
      0.02500000000000001,
      0.24999999999999947,
      0.24999999999999947,
      4.999999999999982e-17,
      4.999999999999982e-17
    ],
    [
      1.3793103448275676e-32,
      1.3793103448275676e-32,
      1.3793103448275676e-32,
      1.3793103448275676e-32,
      0.9999999999999998,
      3.7931034482758535e-17,
      2.0689655172413424e-32,
      2.0689655172413792e-16
    ]
  ],
  "actions": [
    2,
    2,
    2
  ],
  "efe_per_step": [
    [
      -8.107616553354989,
      -7.612984503605869,
      -7.414469372794893,
      -7.414469372794893,
      -7.118352453856749,
      -7.118352453856749,
      -6.919837323045773,
      -6.919837323045773,
      -6.721322192234798,
      -6.721322192234798,
      -6.721322192234798,
      -6.721322192234798,
      -6.721322192234798,
      -6.721322192234798,
      -6.721322192234798,
      -6.721322192234798
    ],
    [
      -5.912734292254177,
      -5.912734292254177,
      -4.622006645450309,
      -8.222006645450175,
      -5.912734292254177,
      -5.912734292254177,
      -4.622006645450309,
      -8.222006645450175,
      -3.3312789986464404,
      -3.3312789986464404,
      -3.3312789986464404,
      -3.3312789986464404,
      -10.531278998646174,
      -10.531278998646174,
      -10.531278998646174,
      -10.531278998646174
    ],
    [
      -0.10761655335500118,
      -0.10761655335500118,
      -0.10761655335500118,
      -0.10761655335500118,
      -0.10761655335500118,
      -0.10761655335500118,
      -0.10761655335500118,
      -0.10761655335500118,
      -0.10761655335500118,
      -0.10761655335500118,
      -0.10761655335500118,
      -0.10761655335500118,
      -0.10761655335500118,
      -0.10761655335500118,
      -0.10761655335500118,
      -0.10761655335500118
    ]
  ]
}